player,mp_per_g,pts_per_g,trb_per_g,ast_per_g,stl_per_g,blk_per_g,fg_pct,fg3_pct,ft_pct,ws,award_share
Julius Erving,35,24.6,8,4.4,2.1,1.8,0.521,0.222,0.787,13.8,0.658
Larry Bird,39.5,21.2,10.9,5.5,2,0.8,0.478,0.27,0.863,10.8,0.613
Kareem Abdul-Jabbar,37.2,26.2,10.3,3.4,0.7,2.9,0.574,0,0.766,14.3,0.414
Moses Malone,40.6,27.8,14.8,1.8,1,1.9,0.522,0.333,0.757,13.7,0.261
George Gervin,33.7,27.1,5.1,3.2,1.1,0.7,0.492,0.257,0.826,10.5,0.12
Marques Johnson,33.4,20.3,6.8,4.6,1.5,0.5,0.552,0,0.706,11.2,0.106
Robert Parish,28,18.9,9.5,1.8,1,2.6,0.545,0,0.71,10.9,0.077
Dennis Johnson,33.1,18.8,4.6,3.7,1.7,0.8,0.436,0.216,0.82,8.4,0.072
Tiny Archibald,35.3,13.8,2.2,7.7,0.9,0.2,0.499,0,0.816,6.9,0.046
Jamaal Wilkes,37.4,22.6,5.4,2.9,1.5,0.4,0.526,0.077,0.758,8.5,0.028
Magic Johnson,37.1,21.6,8.6,8.6,3.4,0.7,0.532,0.176,0.76,6.4,0.026
Adrian Dantley,42.7,30.7,6.4,4,1.4,0.2,0.559,0.286,0.806,13.6,0.022
Phil Ford,34.7,17.5,1.9,8.8,1.5,0.1,0.478,0.306,0.831,5.2,0.022
Bernard King,36,21.9,6.8,3.5,0.9,0.4,0.588,0.333,0.703,9.1,0.017
Kelvin Ransey,30.4,15.2,2.4,6.9,1.1,0.1,0.452,0.097,0.749,2.8,0.016
Jack Sikma,35.6,18.7,10.4,3,1,1.1,0.454,0,0.823,8,0.016
Otis Birdsong,36.5,24.6,3.6,3.3,1.3,0.3,0.544,0.286,0.697,8.2,0.01
Micheal Ray Richardson,40.2,16.4,6.9,7.9,2.9,0.4,0.469,0.225,0.663,6.9,0.01
Truck Robinson,37.7,18.8,9.6,2.5,0.8,0.5,0.505,0,0.629,7.6,0.009
Reggie Theus,34.4,18.9,3.5,5.2,1.5,0.2,0.495,0.2,0.809,9.2,0.009
Norm Nixon,37.5,17.1,2.9,8.8,1.8,0.1,0.476,0.167,0.778,5.5,0.007
Artis Gilmore,34.5,17.9,10.1,2.1,0.6,2.4,0.67,0,0.705,12.3,0.006
Bob Lanier,26.2,14.3,6.2,2.7,1.1,1.2,0.525,1,0.751,6.8,0.006
Michael Cooper,32.4,9.4,4.1,4.1,1.6,1,0.491,0.211,0.785,5,0.004
Walter Davis,28,18,2.6,3.9,1.2,0.2,0.539,0.412,0.836,7.1,0.004
George Johnson,23.6,5,7.3,1.1,0.6,3.4,0.473,0,0.734,4.5,0.004
Bobby Jones,25.3,13.5,5.4,2.8,1.2,0.9,0.539,0,0.813,9.2,0.004
Mike Mitchell,39,24.5,6.1,1.7,0.8,0.6,0.476,0.444,0.784,6,0.004
James Silas,27.4,17.7,3.1,3.8,0.7,0.2,0.477,0,0.85,7,0.004
Quinn Buckner,29.1,13.3,3.6,4.7,2.4,0,0.493,0.167,0.734,5.4,0.001
Caldwell Jones,32.6,7.2,10,1.5,0.7,1.7,0.449,0,0.767,5.5,0.001
Moses Malone,42,31.1,14.7,1.8,0.9,1.5,0.519,0,0.762,15.4,0.735
Larry Bird,38,22.9,10.9,5.8,1.9,0.9,0.503,0.212,0.863,12.5,0.588
Julius Erving,34.4,24.4,6.9,3.9,2,1.7,0.546,0.273,0.763,13.3,0.294
Robert Parish,31.7,19.9,10.8,1.8,0.9,2.4,0.542,0,0.71,10,0.19
Gus Williams,36,23.4,3.1,6.9,2.2,0.5,0.486,0.225,0.734,10.2,0.167
George Gervin,35.7,32.3,5,2.4,1,0.6,0.5,0.278,0.864,10.7,0.159
Sidney Moncrief,37.3,19.8,6.7,4.8,1.7,0.3,0.523,0.071,0.817,13.4,0.146
Magic Johnson,38.3,18.6,9.6,9.5,2.7,0.4,0.537,0.207,0.76,12.9,0.097
Jack Sikma,37.2,19.6,12.7,3.4,1.2,1.3,0.479,0.154,0.855,12.6,0.048
Kareem Abdul-Jabbar,35.2,23.9,8.7,3,0.8,2.7,0.579,0,0.706,10.7,0.045
Dan Roundfield,36.3,18.6,11.8,2.7,1,1.5,0.466,0.2,0.76,6.5,0.02
Kelly Tripucka,37.5,21.6,5.4,3.3,1.1,0.2,0.496,0.227,0.797,7.5,0.02
Alex English,36.8,25.4,6.8,5.3,1.1,1.5,0.551,0,0.84,9.5,0.017
Bernard King,36.2,23.2,5.9,3.6,1,0.3,0.566,0.2,0.705,8.7,0.014
Adrian Dantley,39.8,30.3,6.3,4,1.2,0.2,0.57,0.333,0.792,12.6,0.01
Ray Williams,33.3,20.4,4,6,2.4,0.5,0.462,0.167,0.832,7.9,0.009
Michael Cooper,28.9,11.9,3.5,3,1.6,0.8,0.517,0.118,0.813,5,0.004
Dan Issel,30.5,22.9,7.5,2.2,0.8,0.7,0.527,0.667,0.834,9.8,0.004
Marques Johnson,31.7,16.5,6.1,3.6,1,0.6,0.532,0,0.7,6.2,0.004
Isiah Thomas,33.8,17,2.9,7.8,2.1,0.2,0.424,0.288,0.704,2.3,0.004
Dennis Johnson,36.7,19.5,5.1,4.6,1.3,0.7,0.47,0.19,0.806,8.1,0.001
Mychal Thompson,39.6,20.8,11.7,4,0.9,1.4,0.523,0,0.628,8.2,0.001
Jay Vincent,32.4,21.4,7,2.2,1.1,0.3,0.497,0.25,0.716,5.6,0.001
Jamaal Wilkes,35.4,21.1,4.8,1.7,1.1,0.3,0.525,0,0.732,7.7,0.001
Buck Williams,34.5,15.5,12.3,1.3,1,1,0.582,0,0.624,8.9,0.001
Moses Malone,37.5,24.5,15.3,1.3,1.1,2,0.501,0,0.761,15.1,0.96
Larry Bird,37.7,23.6,11,5.8,1.9,0.9,0.504,0.286,0.84,14,0.485
Magic Johnson,36.8,16.8,8.6,10.5,2.2,0.6,0.548,0,0.8,12.5,0.406
Sidney Moncrief,35.7,22.5,5.8,3.9,1.5,0.3,0.524,0.1,0.826,13.2,0.301
Julius Erving,33.6,21.4,6.8,3.7,1.6,1.8,0.517,0.286,0.759,10.9,0.149
Alex English,36.4,28.4,7.3,4.8,1.4,1.5,0.516,0.167,0.829,10.3,0.056
Buck Williams,36.1,17,12.5,1.5,1.1,1.3,0.588,0,0.62,11.4,0.053
Artis Gilmore,34.1,18,12,1.5,0.5,2.3,0.626,0,0.74,11,0.044
George Gervin,36.3,26.2,4.6,3.4,1.1,0.9,0.487,0.364,0.853,9.4,0.04
Kareem Abdul-Jabbar,32.3,21.8,7.5,2.5,0.8,2.2,0.588,0,0.749,10.9,0.02
Jack Sikma,34.2,18.2,11.4,3.1,1.2,0.9,0.464,0,0.837,9.8,0.017
Jeff Ruland,36.2,19.4,11,3,0.9,1,0.552,0.333,0.689,10.1,0.016
Terry Cummings,36.2,23.7,10.6,2.5,1.8,0.9,0.523,0,0.709,8.7,0.013
Maurice Lucas,33.6,16.5,10.4,2.8,0.7,0.6,0.474,0.333,0.781,7.1,0.012
Alton Lister,23.6,8.4,7.1,1.4,0.6,2.2,0.529,0,0.537,3.8,0.007
Bernard King,32.5,21.9,4.8,2.9,1.3,0.2,0.528,0,0.722,7.5,0.005
Isiah Thomas,38.2,22.9,4,7.8,2.5,0.4,0.472,0.288,0.71,7.4,0.005
Larry Drew,35.9,20.1,2.8,8.1,1.7,0.1,0.492,0.125,0.82,7.2,0.004
Gus Williams,34.5,20,2.6,8,2.3,0.3,0.477,0.047,0.751,8.5,0.004
Dan Roundfield,36.5,19,11.4,2.9,0.8,1.5,0.47,0.185,0.749,7.4,0.003
Marques Johnson,35.7,21.4,7,4.5,1.3,0.7,0.509,0.2,0.735,10.7,0.002
Norm Nixon,34.3,15.1,2.6,7.2,1.3,0.1,0.475,0,0.744,3.9,0.001
Kiki Vandeweghe,35.5,26.7,5.3,2.5,0.8,0.5,0.547,0.294,0.875,11,0.001
Larry Bird,38.3,24.2,10.1,6.6,1.8,0.9,0.492,0.247,0.888,13.6,0.858
Bernard King,34.6,26.3,5.1,2.1,1,0.2,0.572,0,0.779,12.1,0.491
Magic Johnson,38.3,17.6,7.3,13.1,2.2,0.7,0.565,0.207,0.81,10.2,0.401
Kareem Abdul-Jabbar,32.8,21.5,7.3,2.6,0.7,1.8,0.578,0,0.723,8.9,0.201
Isiah Thomas,36.7,21.3,4,11.1,2.5,0.4,0.462,0.338,0.733,9.1,0.151
Julius Erving,34.8,22.4,6.9,4,1.8,1.8,0.512,0.333,0.754,10.1,0.129
Adrian Dantley,37.8,30.6,5.7,3.9,0.8,0.1,0.558,0.25,0.859,14.6,0.116
Sidney Moncrief,38.9,20.9,6.7,4.5,1.4,0.3,0.498,0.278,0.848,12.7,0.092
Jeff Ruland,41.1,22.2,12.3,3.9,0.9,1,0.579,0.143,0.733,9.3,0.05
Moses Malone,36.8,22.7,13.4,1.4,1,1.5,0.483,0,0.75,9.5,0.046
Mark Aguirre,36.7,29.5,5.9,4.5,1,0.3,0.524,0.268,0.749,9,0.037
Bill Laimbeer,34.9,17.3,12.2,1.8,0.6,1,0.53,0,0.866,10.8,0.012
Rickey Green,34.2,13.2,2.8,9.2,2.7,0.2,0.486,0.118,0.821,7.9,0.011
World B. Free,31.7,22.3,2.9,3,1.3,0.1,0.445,0.319,0.784,5.3,0.001
Marques Johnson,36.7,20.7,6.5,4.3,1.6,0.6,0.502,0.154,0.709,8.6,0.001
Larry Bird,39.5,28.7,10.5,6.6,1.6,1.2,0.522,0.427,0.882,15.7,0.978
Magic Johnson,36.1,18.3,6.2,12.6,1.5,0.3,0.561,0.189,0.843,12.7,0.338
Moses Malone,37.4,24.6,13.1,1.6,0.8,1.6,0.469,0,0.815,11.9,0.279
Kareem Abdul-Jabbar,33.3,22,7.9,3.2,0.8,2.1,0.599,0,0.732,11.2,0.264
Terry Cummings,34.5,23.6,9.1,2.9,1.5,0.8,0.495,0,0.741,10.7,0.177
Michael Jordan,38.3,28.2,6.5,5.9,2.4,0.8,0.515,0.173,0.845,14,0.172
Bernard King,37.5,32.9,5.8,3.7,1.3,0.3,0.53,0.1,0.772,7.1,0.09
Sidney Moncrief,37.5,21.7,5.4,5.2,1.6,0.5,0.483,0.273,0.828,11.2,0.083
Isiah Thomas,38.1,21.2,4.5,13.9,2.3,0.3,0.458,0.257,0.809,11.2,0.081
Ralph Sampson,37.6,22.1,10.4,2.7,1,2,0.502,0,0.676,6.2,0.033
Calvin Natt,34.1,23.3,7.8,3.1,1,0.4,0.546,0,0.793,10.2,0.028
Alex English,36.1,27.9,5.7,4.2,1.2,0.6,0.518,0.2,0.829,8.9,0.015
Hakeem Olajuwon,35.5,20.6,11.9,1.4,1.2,2.7,0.538,0,0.613,10.2,0.015
Micheal Ray Richardson,38.1,20.1,5.6,8.2,3,0.3,0.469,0.252,0.767,8.7,0.014
Andrew Toney,32,17.8,2.5,5.2,0.9,0.3,0.492,0.371,0.862,5.5,0.006
Mark Eaton,34.3,9.7,11.3,1.5,0.4,5.6,0.449,0,0.712,5.4,0.005
Paul Pressey,36,16.1,5.4,6.8,1.6,0.7,0.517,0.35,0.758,9.6,0.004
Jack Sikma,35.3,18.5,10.6,4.2,1.2,1.3,0.489,0.2,0.852,8.3,0.004
Dominique Wilkins,37.3,27.4,6.9,2.5,1.7,0.7,0.451,0.309,0.806,7.6,0.004
World B. Free,31.7,22.5,3,4.5,1.1,0.2,0.459,0.368,0.749,6,0.003
Purvis Short,39.5,28,5.1,3,1.5,0.3,0.46,0.313,0.817,6.2,0.003
Clyde Drexler,31.9,17.2,6,5.5,2.2,0.9,0.494,0.216,0.759,7.5,0.001
Julius Erving,32.5,20,5.3,3,1.7,1.4,0.494,0.214,0.765,7.6,0.001
Larry Bird,38,25.8,9.8,6.8,2,0.6,0.496,0.423,0.896,15.8,0.981
Dominique Wilkins,39.1,30.3,7.9,2.6,1.8,0.6,0.468,0.186,0.818,10.8,0.522
Magic Johnson,35.8,18.8,5.9,12.6,1.6,0.2,0.526,0.233,0.871,12.1,0.263
Hakeem Olajuwon,36.3,23.5,11.5,2,2,3.4,0.526,0,0.645,9.5,0.247
Kareem Abdul-Jabbar,33.3,23.4,6.1,3.5,0.8,1.6,0.564,0,0.765,10.8,0.173
Charles Barkley,36.9,20,12.8,3.9,2.2,1.6,0.572,0.227,0.685,10.8,0.171
Sidney Moncrief,35.2,20.2,4.6,4.9,1.4,0.2,0.489,0.32,0.859,11.7,0.072
Alex English,37.3,29.8,5,4,0.9,0.4,0.504,0.2,0.862,9.8,0.071
Isiah Thomas,36.2,20.9,3.6,10.8,2.2,0.3,0.488,0.31,0.79,8.8,0.036
Moses Malone,36.6,23.8,11.8,1.2,0.9,1,0.458,0,0.787,8.9,0.027
Terry Cummings,32.5,19.8,8.5,2.4,1.5,0.6,0.474,0,0.656,7.4,0.012
James Worthy,32.7,20,5.2,2.7,1.1,1,0.579,0,0.771,9.5,0.009
Kevin McHale,35.3,21.3,8.1,2.7,0.4,2,0.574,0,0.776,11,0.004
Paul Pressey,33.8,14.3,5,7.8,2.1,0.9,0.488,0.182,0.806,9.8,0.004
Alvin Robertson,35.1,17,6.3,5.5,3.7,0.5,0.514,0.276,0.795,8.6,0.004
Adrian Dantley,36.1,29.8,5.2,3.5,0.8,0.1,0.563,0.091,0.791,12.8,0.003
Buck Williams,37.4,15.9,12,1.6,0.9,1.2,0.523,0,0.676,6.8,0.003
Dennis Johnson,35,15.6,3.4,5.8,1.4,0.4,0.455,0.143,0.818,6.7,0.001
Magic Johnson,36.3,23.9,6.3,12.2,1.7,0.5,0.522,0.205,0.848,15.9,0.94
Michael Jordan,40,37.1,5.2,4.6,2.9,1.5,0.482,0.182,0.857,16.9,0.576
Larry Bird,40.6,28.1,9.2,7.6,1.8,0.9,0.525,0.4,0.91,15.2,0.347
Kevin McHale,39.7,26.1,9.9,2.6,0.5,2.2,0.604,0,0.836,14.8,0.326
Dominique Wilkins,37.6,29,6.3,3.3,1.5,0.6,0.463,0.292,0.818,12.2,0.164
Charles Barkley,40.3,23,14.6,4.9,1.8,1.5,0.594,0.202,0.761,12,0.145
Hakeem Olajuwon,36.8,23.4,11.4,2.9,1.9,3.4,0.508,0.2,0.702,10.9,0.036
Isiah Thomas,37.2,20.6,3.9,10,1.9,0.2,0.463,0.194,0.768,7.6,0.022
Fat Lever,37.2,18.9,8.9,8,2.5,0.4,0.469,0.239,0.782,9.7,0.014
Moses Malone,34.1,24.1,11.3,1.6,0.8,1.3,0.454,0,0.824,9.4,0.012
Steve Johnson,29.7,16.8,7.2,2,0.6,1,0.556,0,0.698,4.4,0.005
Karl Malone,34.8,21.7,10.4,1.9,1.3,0.7,0.512,0,0.598,6.9,0.004
Robert Parish,37.4,17.5,10.6,2.2,0.8,1.8,0.556,0,0.735,9.2,0.004
Alex English,37.6,28.6,4.2,5.1,0.9,0.3,0.503,0.267,0.844,8.1,0.003
Mark Aguirre,33.3,25.7,5.3,3.2,1.1,0.4,0.495,0.353,0.77,8.9,0.001
Rolando Blackman,34.5,21,3.5,3.3,0.8,0.3,0.495,0.333,0.884,8,0.001
Joe Barry Carroll,33.6,21.2,7.3,2.6,1.1,1.5,0.472,0,0.787,4.6,0.001
Michael Jordan,40.4,35,5.5,5.9,3.2,1.6,0.535,0.132,0.841,21.2,0.831
Larry Bird,39,29.9,9.3,6.1,1.6,0.8,0.527,0.414,0.916,15,0.659
Magic Johnson,36.6,19.6,6.2,11.9,1.6,0.2,0.492,0.196,0.853,10.9,0.635
Charles Barkley,39.6,28.3,11.9,3.2,1.3,1.3,0.587,0.28,0.751,16.7,0.136
Clyde Drexler,37.8,27,6.6,5.8,2.5,0.6,0.506,0.212,0.811,13.2,0.108
Dominique Wilkins,37.8,30.7,6.4,2.9,1.3,0.6,0.464,0.295,0.826,9.8,0.069
Hakeem Olajuwon,35.8,22.8,12.1,2.1,2.1,2.7,0.514,0,0.695,10.7,0.05
Karl Malone,39,27.7,12,2.4,1.4,0.6,0.52,0,0.7,10.1,0.045
Fat Lever,37.3,18.9,8.1,7.8,2.7,0.3,0.473,0.211,0.785,10.4,0.033
John Stockton,34.7,14.7,2.9,13.8,3,0.2,0.574,0.358,0.84,14.1,0.019
Alex English,35.2,25,4.7,4.7,0.9,0.3,0.495,0,0.828,7.6,0.005
Isiah Thomas,36.1,19.5,3.4,8.4,1.7,0.2,0.463,0.309,0.774,7.6,0.004
Mark Jackson,39.6,13.6,4.8,10.6,2.5,0.1,0.432,0.254,0.774,7.6,0.003
Michael Adams,33.9,13.9,2.7,6.1,2,0.2,0.449,0.367,0.834,7.5,0.001
Mark Aguirre,33.9,25.1,5.6,3.6,0.9,0.7,0.475,0.302,0.77,8.8,0.001
Adrian Dantley,31.1,20,3.3,2.5,0.6,0.1,0.514,0,0.86,9.4,0.001
Buck Williams,37.7,18.3,11.9,1.6,1,0.6,0.56,1,0.668,7.6,0.001
Magic Johnson,37.5,22.5,7.9,12.8,1.8,0.3,0.509,0.314,0.911,16.1,0.782
Michael Jordan,40.2,32.5,8,8,2.9,0.8,0.538,0.276,0.85,19.8,0.704
Karl Malone,39.1,29.1,10.7,2.7,1.8,0.9,0.519,0.313,0.766,15.2,0.426
Patrick Ewing,36.2,22.7,9.3,2.4,1.5,3.5,0.567,0,0.746,10.9,0.235
Hakeem Olajuwon,36.9,24.8,13.5,1.8,2.6,3.4,0.508,0,0.696,12.4,0.211
Charles Barkley,39.1,25.8,12.5,4.1,1.6,0.8,0.579,0.216,0.753,16.1,0.111
John Stockton,38.7,17.1,3,13.6,3.2,0.2,0.538,0.242,0.863,15.6,0.033
Kevin Johnson,39.2,20.4,4.2,12.2,1.7,0.3,0.505,0.091,0.882,12.2,0.026
Tom Chambers,37.1,25.7,8.4,2.9,1.1,0.7,0.471,0.326,0.851,9.2,0.024
Mark Price,36.4,18.9,3,8.4,1.5,0.1,0.526,0.441,0.901,11.3,0.021
Brad Daugherty,36.2,18.9,9.2,3.7,0.8,0.5,0.538,0.333,0.737,9.6,0.005
Robert Parish,35.5,18.6,12.5,2.2,1,1.5,0.57,0,0.719,10.5,0.005
Mark Eaton,35.5,6.2,10.3,1,0.5,3.8,0.462,0,0.66,6.6,0.004
Moses Malone,35.5,20.2,11.8,1.4,1,1.2,0.491,0,0.789,10.7,0.004
Chris Mullin,37.7,26.5,5.9,5.1,2.1,0.5,0.509,0.23,0.892,10.6,0.004
Larry Nance,34.6,17.2,8,2.2,0.8,2.8,0.539,0,0.799,10.3,0.004
Terry Cummings,35.3,22.9,8.1,2.5,1.3,0.9,0.467,0.467,0.787,7.7,0.001
Joe Dumars,34.9,17.2,2.5,5.7,0.9,0.1,0.505,0.483,0.85,7,0.001
Isiah Thomas,36.6,18.2,3.4,8.3,1.7,0.3,0.464,0.273,0.818,7,0.001
Magic Johnson,37.2,22.3,6.6,11.5,1.7,0.4,0.48,0.384,0.89,16.5,0.691
Charles Barkley,39.1,25.2,11.5,3.9,1.9,0.6,0.6,0.217,0.749,17.3,0.667
Michael Jordan,39,33.6,6.9,6.3,2.8,0.7,0.526,0.376,0.848,19,0.613
Karl Malone,38.1,31,11.1,2.8,1.5,0.6,0.562,0.372,0.762,15.9,0.233
Patrick Ewing,38.6,28.6,10.9,2.2,1,4,0.551,0.25,0.775,13.5,0.176
David Robinson,36.6,24.3,12,2,1.7,3.9,0.531,0,0.732,15.1,0.111
Hakeem Olajuwon,38.1,24.3,14,2.9,2.1,4.6,0.501,0.167,0.713,11.2,0.07
Tom Chambers,37.6,27.2,7,2.3,1.1,0.6,0.501,0.279,0.861,11.2,0.013
John Stockton,37.4,17.2,2.6,14.5,2.7,0.2,0.514,0.416,0.819,14.4,0.01
Larry Bird,39.3,24.3,9.5,7.5,1.4,0.8,0.473,0.333,0.93,9.5,0.005
Buck Williams,34.2,13.6,9.8,1.4,0.8,0.5,0.548,0,0.706,8.7,0.005
Clyde Drexler,36.8,23.3,6.9,5.9,2,0.7,0.494,0.283,0.774,11.6,0.003
Joe Dumars,34.4,17.8,2.8,4.9,0.8,0,0.48,0.4,0.9,8.7,0.001
Isiah Thomas,37,18.4,3.8,9.4,1.7,0.2,0.438,0.309,0.775,6.7,0.001
Michael Jordan,37,31.5,6,5.5,2.7,1,0.539,0.312,0.851,20.3,0.928
Magic Johnson,37.1,19.4,7,12.5,1.3,0.2,0.477,0.32,0.906,15.4,0.518
David Robinson,37.7,25.6,13,2.5,1.5,3.9,0.552,0.143,0.762,17,0.496
Charles Barkley,37.3,27.6,10.1,4.2,1.6,0.5,0.57,0.284,0.722,13.4,0.231
Karl Malone,40.3,29,11.8,3.3,1.1,1,0.527,0.286,0.77,15.5,0.148
Clyde Drexler,34.8,21.5,6.7,6,1.8,0.7,0.482,0.319,0.794,12.4,0.078
Kevin Johnson,36,22.2,3.5,10.1,2.1,0.1,0.516,0.205,0.843,12.7,0.033
Dominique Wilkins,38,25.9,9,3.3,1.5,0.8,0.47,0.341,0.829,11.4,0.03
Larry Bird,38,19.4,8.5,7.2,1.8,1,0.454,0.389,0.891,6.6,0.026
Terry Porter,32.9,17,3.5,8,2,0.1,0.515,0.415,0.823,13,0.026
Patrick Ewing,38.3,26.6,11.2,3,1,3.2,0.514,0,0.745,10,0.021
John Stockton,37.8,17.2,2.9,14.2,2.9,0.2,0.507,0.345,0.836,14,0.016
Isiah Thomas,34.5,16.2,3.3,9.3,1.6,0.2,0.435,0.292,0.782,3.4,0.011
Robert Parish,30.1,14.9,10.6,0.8,0.8,1.3,0.598,0,0.767,10,0.01
Joe Dumars,38.1,20.4,2.3,5.5,1.1,0.1,0.481,0.311,0.89,9.9,0.008
Bernard King,37.5,28.4,5,4.6,0.9,0.3,0.472,0.216,0.79,3.5,0.007
Kenny Smith,34.6,17.7,2.1,7.1,1.4,0.1,0.52,0.363,0.844,9,0.005
Hakeem Olajuwon,36.8,21.2,13.8,2.3,2.2,3.9,0.508,0,0.769,8.6,0.004
Tim Hardaway,39.2,22.9,4,9.7,2.6,0.1,0.476,0.385,0.803,9.9,0.001
Kevin McHale,30.4,18.4,7.1,1.9,0.4,2.1,0.553,0.405,0.829,7.9,0.001
Michael Jordan,38.8,30.1,6.4,6.1,2.3,0.9,0.519,0.27,0.832,17.7,0.938
Clyde Drexler,36.2,25,6.6,6.7,1.8,0.9,0.47,0.337,0.794,12.8,0.584
David Robinson,37.7,23.2,12.2,2.7,2.3,4.5,0.551,0.125,0.701,13.9,0.351
Karl Malone,37.7,28,11.2,3,1.3,0.6,0.526,0.176,0.778,15.1,0.273
Patrick Ewing,38.4,24,11.2,1.9,1.1,3,0.522,0.167,0.738,13,0.104
Chris Mullin,41.3,25.6,5.6,3.5,2.1,0.8,0.524,0.366,0.833,10.8,0.084
Mark Price,29.7,17.3,2.4,7.4,1.3,0.2,0.488,0.387,0.947,9.1,0.069
Tim Hardaway,41.1,23.4,3.8,10,2,0.2,0.461,0.338,0.766,9.2,0.067
Scottie Pippen,38.6,21,7.7,7,1.9,1.1,0.506,0.2,0.76,12.7,0.033
Dennis Rodman,40.3,9.8,18.7,2.3,0.8,0.9,0.539,0.317,0.6,12.6,0.027
Brad Daugherty,36.2,21.5,10.4,3.6,0.9,1.1,0.57,0,0.777,11.7,0.025
Charles Barkley,38.4,23.1,11.1,4.1,1.8,0.6,0.552,0.234,0.695,12.3,0.019
John Stockton,36.6,15.8,3.3,13.7,3,0.3,0.482,0.407,0.842,13.4,0.019
Larry Bird,36.9,20.2,9.6,6.8,0.9,0.7,0.466,0.406,0.926,5.5,0.003
Kevin Johnson,37.2,19.7,3.7,10.7,1.5,0.3,0.479,0.217,0.807,10,0.002
Danny Manning,35.4,19.3,6.9,3.5,1.6,1.5,0.542,0,0.725,9.8,0.001
Detlef Schrempf,32.6,17.3,9.6,3.9,0.8,0.5,0.536,0.324,0.828,9.8,0.001
Charles Barkley,37.6,25.6,12.2,5.1,1.6,1,0.52,0.305,0.765,14.4,0.852
Hakeem Olajuwon,39.5,26.1,13,3.5,1.8,4.2,0.529,0,0.779,15.8,0.66
Michael Jordan,39.3,32.6,6.7,5.5,2.8,0.8,0.495,0.352,0.837,17.2,0.577
Patrick Ewing,37.1,24.2,12.1,1.9,0.9,2,0.503,0.143,0.719,10.6,0.366
Dominique Wilkins,37.3,29.9,6.8,3.2,1,0.4,0.468,0.38,0.828,10.5,0.055
David Robinson,39.2,23.4,11.7,3.7,1.5,3.2,0.501,0.176,0.732,13.2,0.034
Shaquille O'Neal,37.9,23.4,13.9,1.9,0.7,3.5,0.562,0,0.592,10.4,0.031
Karl Malone,37.8,27,11.2,3.8,1.5,1,0.552,0.2,0.74,15.4,0.01
Mark Price,31.7,18.2,2.7,8,1.2,0.1,0.484,0.416,0.948,9.8,0.01
Brad Daugherty,37.9,20.2,10.2,4.4,0.7,0.8,0.571,0.5,0.795,12.7,0.001
Clyde Drexler,34.1,19.9,6.3,5.7,1.9,0.8,0.429,0.233,0.839,6,0.001
Joe Dumars,40.2,23.5,1.9,4,1,0.1,0.466,0.375,0.864,9.1,0.001
Shawn Kemp,33.1,17.8,10.7,2,1.5,1.9,0.492,0,0.712,9.1,0.001
John Stockton,34.9,15.1,2.9,12,2.4,0.3,0.486,0.385,0.798,10.6,0.001
Hakeem Olajuwon,41,27.3,11.9,3.6,1.6,3.7,0.528,0.421,0.716,14.3,0.88
David Robinson,40.5,29.8,10.7,4.8,1.7,3.3,0.507,0.345,0.749,20,0.723
Scottie Pippen,38.3,22,8.7,5.6,2.9,0.8,0.491,0.32,0.66,11.2,0.386
Shaquille O'Neal,39.8,29.3,13.2,2.4,0.9,2.9,0.599,0,0.554,16.9,0.286
Patrick Ewing,37.6,24.5,11.2,2.3,1.1,2.7,0.496,0.286,0.765,13.1,0.252
Gary Payton,35.1,16.5,3.3,6,2.3,0.2,0.504,0.278,0.595,9.3,0.02
Shawn Kemp,32.9,18.1,10.8,2.6,1.8,2.1,0.538,0.25,0.741,11.7,0.017
Karl Malone,40.6,25.2,11.5,4,1.5,1.5,0.497,0.25,0.694,13.4,0.017
Mark Price,31.4,17.3,3,7.8,1.4,0.1,0.478,0.397,0.888,10,0.007
Charles Barkley,35.4,21.6,11.2,4.6,1.6,0.6,0.495,0.27,0.704,8.8,0.005
Mookie Blaylock,36,13.8,5.2,9.7,2.6,0.5,0.411,0.334,0.73,10.2,0.001
Kevin Johnson,36.6,20,2.5,9.5,1.9,0.1,0.487,0.222,0.819,8.7,0.001
Dennis Rodman,37.8,4.7,17.3,2.3,0.7,0.4,0.534,0.208,0.52,8.7,0.001
Latrell Sprewell,43.1,21,4.9,4.7,2.2,0.9,0.433,0.361,0.774,8,0.001
John Stockton,36.2,15.1,3.1,12.6,2.4,0.3,0.528,0.322,0.805,13.2,0.001
Dominique Wilkins,35.6,26,6.5,2.3,1.2,0.4,0.44,0.288,0.847,8.4,0.001
Kevin Willis,35.8,19.1,12,1.9,1,0.5,0.499,0.375,0.713,10.2,0.001
David Robinson,38,27.6,10.8,2.9,1.7,3.2,0.53,0.3,0.774,17.5,0.858
Shaquille O'Neal,37,29.3,11.4,2.7,0.9,2.4,0.583,0,0.533,14,0.576
Karl Malone,38.1,26.7,10.6,3.5,1.6,1,0.536,0.268,0.742,13.8,0.507
Patrick Ewing,37,23.9,11,2.7,0.9,2,0.503,0.286,0.75,9.6,0.219
Hakeem Olajuwon,39.6,27.8,10.8,3.5,1.8,3.4,0.517,0.188,0.756,10.7,0.14
Charles Barkley,35,23,11.1,4.1,1.6,0.7,0.486,0.338,0.748,10.6,0.091
Scottie Pippen,38.2,21.4,8.1,5.2,2.9,1.1,0.48,0.345,0.716,11.8,0.079
John Stockton,35,14.7,3.1,12.3,2.4,0.3,0.542,0.449,0.804,13.9,0.045
Gary Payton,36.8,20.6,3.4,7.1,2.5,0.2,0.509,0.302,0.716,11.7,0.032
Anfernee Hardaway,37.7,20.9,4.4,7.2,1.7,0.3,0.512,0.349,0.769,10.7,0.022
Michael Jordan,39.3,26.9,6.9,5.3,1.8,0.8,0.411,0.5,0.801,2.3,0.011
Dennis Rodman,32,7.1,16.8,2,0.6,0.5,0.571,0,0.676,5.8,0.009
Jason Kidd,33.8,11.7,5.4,7.7,1.9,0.3,0.385,0.272,0.698,3.7,0.007
Clyde Drexler,35.9,21.8,6.3,4.8,1.8,0.6,0.461,0.36,0.824,11.7,0.003
Cedric Ceballos,35,21.7,8,1.8,1,0.3,0.509,0.397,0.716,5.2,0.001
Michael Jordan,37.7,30.4,6.6,4.3,2.2,0.5,0.495,0.427,0.834,20.4,0.986
David Robinson,36.8,25,12.2,3,1.4,3.3,0.516,0.333,0.761,18.3,0.508
Anfernee Hardaway,36.8,21.7,4.3,7.1,2,0.5,0.513,0.314,0.767,14.4,0.319
Hakeem Olajuwon,38.8,26.9,10.9,3.6,1.6,2.9,0.514,0.214,0.724,9.7,0.211
Scottie Pippen,36.7,19.4,6.4,5.9,1.7,0.7,0.463,0.374,0.679,12.3,0.2
Gary Payton,39,19.3,4.2,7.5,2.9,0.2,0.484,0.328,0.748,11.5,0.087
Karl Malone,38,25.7,9.8,4.2,1.7,0.7,0.519,0.4,0.723,15.1,0.075
Shawn Kemp,33.3,19.6,11.4,2.2,1.2,1.6,0.561,0.417,0.742,11.2,0.065
Grant Hill,40.8,20.2,9.8,6.9,1.3,0.6,0.462,0.192,0.751,11.7,0.056
Shaquille O'Neal,36,26.6,11,2.9,0.6,2.1,0.573,0.5,0.487,6.9,0.056
John Stockton,35.5,14.7,2.8,11.2,1.7,0.2,0.538,0.422,0.83,13,0.011
Charles Barkley,37.1,23.2,11.6,3.7,1.6,0.8,0.5,0.28,0.777,10.5,0.007
Magic Johnson,29.9,14.6,5.7,6.9,0.8,0.4,0.466,0.379,0.856,3.6,0.007
Alonzo Mourning,38.2,23.2,10.4,2.3,1,2.7,0.523,0.3,0.685,9.9,0.005
Dennis Rodman,32.6,5.5,14.9,2.5,0.6,0.4,0.48,0.111,0.528,6.2,0.004
Terrell Brandon,34.3,19.3,3.3,6.5,1.8,0.4,0.465,0.387,0.887,12.7,0.003
Mitch Richmond,36.4,23.1,3.3,3.1,1.5,0.2,0.447,0.437,0.866,9.3,0.003
Karl Malone,36.6,27.4,9.9,4.5,1.4,0.6,0.55,0,0.755,16.7,0.857
Michael Jordan,37.9,29.6,5.9,4.3,1.7,0.5,0.486,0.374,0.833,18.3,0.832
Grant Hill,39.3,21.4,9,7.3,1.8,0.6,0.496,0.303,0.711,14.6,0.327
Tim Hardaway,38.7,20.3,3.4,8.6,1.9,0.1,0.415,0.344,0.799,12.9,0.207
Glen Rice,42.6,26.8,4,2,0.9,0.3,0.477,0.47,0.867,10.8,0.117
Gary Payton,39.2,21.8,4.6,7.1,2.4,0.2,0.476,0.313,0.715,12.9,0.091
Hakeem Olajuwon,36.6,23.2,9.2,3,1.5,2.2,0.51,0.313,0.787,9.1,0.083
Patrick Ewing,37,22.4,10.7,2,0.9,2.4,0.488,0.222,0.754,9.8,0.05
Anthony Mason,43.1,16.2,11.4,5.7,1,0.5,0.525,0.333,0.745,11.4,0.006
Shaquille O'Neal,38.1,26.2,12.5,3.1,0.9,2.9,0.557,0,0.484,8,0.006
Scottie Pippen,37.7,20.2,6.5,5.7,1.9,0.5,0.474,0.368,0.701,13.1,0.005
Alonzo Mourning,35.2,19.8,9.9,1.6,0.8,2.9,0.534,0.111,0.642,8.4,0.004
Dikembe Mutombo,37.2,13.3,11.6,1.4,0.6,3.3,0.527,0,0.705,11.3,0.003
Mitch Richmond,38.6,25.9,3.9,4.2,1.5,0.3,0.454,0.428,0.861,10.8,0.003
John Stockton,35.3,14.4,2.8,10.5,2,0.2,0.548,0.422,0.846,13.6,0.003
Charles Barkley,37.9,19.2,13.5,4.7,1.3,0.5,0.484,0.283,0.694,9.4,0.002
Tom Gugliotta,38.7,20.6,8.7,4.1,1.6,1.1,0.442,0.258,0.82,6.7,0.001
Allen Iverson,40.1,23.5,4.1,7.5,2.1,0.3,0.416,0.341,0.702,4.1,0.001
Kevin Johnson,38,20.1,3.6,9.3,1.5,0.2,0.496,0.441,0.852,11.7,0.001
Steve Smith,39.1,20.1,3.3,4.2,0.9,0.3,0.429,0.335,0.847,9.1,0.001
Michael Jordan,38.8,28.7,5.8,3.5,1.7,0.5,0.465,0.238,0.784,15.8,0.934
Karl Malone,37.4,27,10.3,3.9,1.2,0.9,0.53,0.333,0.761,16.4,0.726
Gary Payton,38.4,19.2,4.6,8.3,2.3,0.2,0.453,0.338,0.744,12.5,0.372
Shaquille O'Neal,36.3,28.3,11.4,2.4,0.7,2.4,0.584,0,0.527,10.2,0.268
Tim Duncan,39.1,21.1,11.9,2.7,0.7,2.5,0.549,0,0.662,12.8,0.128
Tim Hardaway,37.4,18.9,3.7,8.3,1.7,0.2,0.431,0.351,0.781,11.7,0.061
David Robinson,33.7,21.6,10.6,2.7,0.9,2.6,0.511,0.25,0.735,13.8,0.031
Vin Baker,35.9,19.2,8,1.9,1.1,1,0.542,0.143,0.591,10.4,0.021
Grant Hill,40.7,21.1,7.7,6.8,1.8,0.7,0.452,0.143,0.74,10.2,0.02
Scottie Pippen,37.5,19.1,5.2,5.8,1.8,1,0.447,0.318,0.777,6.6,0.012
Glen Rice,40.2,22.3,4.3,2.2,0.9,0.3,0.457,0.433,0.849,9.3,0.006
Antoine Walker,39.9,22.4,10.2,3.3,1.7,0.7,0.423,0.312,0.645,4.7,0.005
Jason Kidd,38,11.6,6.2,9.1,2,0.3,0.416,0.313,0.799,8,0.004
John Stockton,29,12,2.6,8.5,1.4,0.2,0.528,0.429,0.827,8,0.004
Mitch Richmond,36.7,23.2,3.3,4,1.3,0.2,0.445,0.389,0.864,7.9,0.003
Reggie Miller,34.5,19.5,2.9,2.1,1,0.1,0.477,0.429,0.868,12,0.002
Rik Smits,28.6,16.7,6.9,1.4,0.5,1.2,0.495,0,0.783,6.1,0.002
Michael Finley,41.4,21.5,5.3,4.9,1.6,0.4,0.449,0.357,0.784,7.5,0.001
Rod Strickland,39.7,17.8,5.3,10.5,1.7,0.3,0.434,0.25,0.726,8.1,0.001
Karl Malone,37.4,23.8,9.4,4.1,1.3,0.6,0.493,0,0.788,9.6,0.701
Alonzo Mourning,38.1,20.1,11,1.6,0.7,3.9,0.511,0,0.652,7.9,0.655
Tim Duncan,39.3,21.7,11.4,2.4,0.9,2.5,0.495,0.143,0.69,8.7,0.627
Allen Iverson,41.5,26.8,4.9,4.6,2.3,0.1,0.412,0.291,0.751,7.2,0.27
Jason Kidd,41.2,16.9,6.8,10.8,2.3,0.4,0.444,0.366,0.757,8.1,0.135
Shaquille O'Neal,34.8,26.3,10.7,2.3,0.7,1.7,0.576,0,0.54,9,0.075
Chris Webber,40.9,20,13,4.1,1.4,2.1,0.486,0.118,0.454,3.6,0.043
Grant Hill,37,21.1,7.1,6,1.6,0.5,0.479,0,0.752,7.3,0.033
Gary Payton,40.2,21.7,4.9,8.7,2.2,0.2,0.434,0.295,0.721,7.2,0.03
Kevin Garnett,37.9,20.8,10.4,4.3,1.7,1.8,0.46,0.286,0.704,5.4,0.008
Shawn Kemp,35.1,20.5,9.2,2.4,1.1,1.1,0.482,0.5,0.789,6.3,0.006
David Robinson,31.7,15.8,10,2.1,1.4,2.4,0.509,0,0.658,8.4,0.005
Hakeem Olajuwon,35.7,18.9,9.6,1.8,1.6,2.5,0.514,0.308,0.717,6.5,0.003
Arvydas Sabonis,27,12.1,7.9,2.4,0.7,1.3,0.485,0.292,0.771,5.8,0.003
Darrell Armstrong,30,13.8,3.6,6.7,2.2,0.1,0.441,0.365,0.904,6.4,0.002
Vince Carter,35.2,18.3,5.7,3,1.1,1.5,0.45,0.288,0.761,5,0.001
Anfernee Hardaway,38.9,15.8,5.7,5.3,2.2,0.5,0.42,0.286,0.706,5,0.001
Mark Jackson,28.2,7.6,3.8,7.9,0.9,0.1,0.419,0.311,0.823,3.8,0.001
Glenn Robinson,33.6,18.4,5.9,2.1,1,0.9,0.459,0.392,0.87,4,0.001
Steve Smith,36.5,18.7,4.2,3.3,1,0.3,0.402,0.338,0.849,4.4,0.001
Rasheed Wallace,28.9,12.8,4.9,1.2,1,1.1,0.508,0.419,0.732,5,0.001
Shaquille O'Neal,40,29.7,13.6,3.8,0.5,3,0.574,0,0.524,18.6,0.998
Kevin Garnett,40,22.9,11.8,5,1.5,1.6,0.497,0.37,0.765,11.6,0.337
Alonzo Mourning,34.8,21.7,9.5,1.6,0.5,3.7,0.551,0,0.711,12.9,0.303
Karl Malone,35.9,25.5,9.5,3.7,1,0.9,0.509,0.25,0.797,15.3,0.258
Tim Duncan,38.9,23.2,12.4,3.2,0.9,2.2,0.49,0.091,0.761,13,0.205
Gary Payton,41.8,24.2,6.5,8.9,1.9,0.2,0.448,0.34,0.735,13.9,0.149
Allen Iverson,40.8,28.4,3.8,4.7,2.1,0.1,0.421,0.341,0.713,6.9,0.109
Grant Hill,37.5,25.8,6.6,5.2,1.4,0.6,0.489,0.347,0.795,10.7,0.093
Chris Webber,38.4,24.5,10.5,4.6,1.6,1.7,0.483,0.284,0.751,10.7,0.079
Vince Carter,38.1,25.7,5.8,3.9,1.3,1.1,0.465,0.403,0.791,11.8,0.042
Jason Kidd,39,14.3,7.2,10.1,2,0.4,0.409,0.337,0.829,8.5,0.021
Kobe Bryant,38.2,22.5,6.3,4.9,1.6,0.9,0.468,0.319,0.821,10.6,0.002
Darrell Armstrong,31.6,16.2,3.3,6.1,2.1,0.1,0.433,0.34,0.911,8,0.001
Michael Finley,42.2,22.6,6.3,5.3,1.3,0.4,0.457,0.401,0.82,8.3,0.001
Reggie Miller,36.9,18.1,3,2.3,1,0.3,0.448,0.408,0.919,10.1,0.001
Jalen Rose,37.2,18.2,4.8,4,1.1,0.6,0.471,0.393,0.827,7.3,0.001
Allen Iverson,42,31.1,3.8,4.6,2.5,0.3,0.42,0.32,0.814,11.8,0.904
Tim Duncan,38.7,22.2,12.2,3,0.9,2.3,0.499,0.259,0.618,13.2,0.569
Shaquille O'Neal,39.5,28.7,12.7,3.7,0.6,2.8,0.572,0,0.513,14.9,0.466
Chris Webber,40.5,27.1,11.1,4.2,1.3,1.7,0.481,0.071,0.703,11,0.42
Kevin Garnett,39.5,22,11.4,5,1.4,1.8,0.477,0.288,0.764,11.8,0.122
Tracy McGrady,40.1,26.8,7.5,4.6,1.5,1.5,0.457,0.355,0.733,12.2,0.052
Karl Malone,35.7,23.2,8.3,4.5,1.1,0.8,0.498,0.4,0.793,13.1,0.017
Jason Kidd,39.8,16.9,6.4,9.8,2.2,0.3,0.411,0.297,0.814,9.6,0.015
Kobe Bryant,40.9,28.5,5.9,5,1.7,0.6,0.464,0.305,0.853,11.3,0.009
David Robinson,29.6,14.4,8.6,1.5,1,2.5,0.486,0,0.747,12.1,0.006
Ray Allen,38.2,22,5.2,4.6,1.5,0.2,0.48,0.433,0.888,13.7,0.006
Vince Carter,39.7,27.6,5.5,3.9,1.5,1.1,0.46,0.408,0.765,12.9,0.006
Paul Pierce,38,25.3,6.4,3.1,1.7,0.8,0.454,0.383,0.745,10.4,0.004
Jerry Stackhouse,40.2,29.8,3.9,5.1,1.2,0.7,0.402,0.351,0.822,9.2,0.002
Michael Finley,42,21.5,5.2,4.4,1.4,0.4,0.458,0.346,0.775,8.5,0.001
Anthony Mason,40.7,16.1,9.6,3.1,1,0.3,0.482,0,0.781,11.6,0.001
John Stockton,29.2,11.5,2.8,8.7,1.6,0.3,0.504,0.462,0.817,10.8,0.001
Tim Duncan,40.6,25.5,12.7,3.7,0.7,2.5,0.508,0.1,0.799,17.8,0.757
Jason Kidd,37.3,14.7,7.3,9.9,2.1,0.2,0.391,0.321,0.814,8.9,0.712
Shaquille O'Neal,36.1,27.2,10.7,3,0.6,2,0.579,0,0.555,13.2,0.552
Tracy McGrady,38.3,25.6,7.9,5.3,1.6,1,0.451,0.364,0.748,11.5,0.31
Kobe Bryant,38.3,25.2,5.5,5.5,1.5,0.4,0.469,0.25,0.829,12.7,0.078
Gary Payton,40.3,22.1,4.8,9,1.6,0.3,0.467,0.314,0.797,12.6,0.043
Chris Webber,38.4,24.5,10.1,4.8,1.7,1.4,0.495,0.263,0.749,8.6,0.029
Dirk Nowitzki,38,23.4,9.9,2.4,1.1,1,0.477,0.397,0.853,13.4,0.025
Allen Iverson,43.7,31.4,4.5,5.5,2.8,0.2,0.398,0.291,0.812,6.9,0.023
Ben Wallace,36.5,7.6,13,1.4,1.7,3.5,0.531,0,0.423,11.6,0.019
Paul Pierce,40.3,26.1,6.9,3.2,1.9,1,0.442,0.404,0.809,12.9,0.017
Kevin Garnett,39.2,21.2,12.1,5.2,1.2,1.6,0.47,0.319,0.801,12.8,0.013
Michael Jordan,34.9,22.9,5.7,5.2,1.4,0.4,0.416,0.189,0.79,3.3,0.013
Steve Nash,34.6,17.9,3.1,7.7,0.6,0,0.483,0.455,0.887,9.9,0.004
Jerry Stackhouse,35.3,21.4,4.1,5.3,1,0.5,0.397,0.287,0.858,5.8,0.002
Mike Bibby,33.2,13.7,2.8,5,1.1,0.2,0.453,0.37,0.803,6.3,0.001
Elton Brand,37.8,18.2,11.6,2.4,1,2,0.527,0,0.742,13.6,0.001
Peja Stojakovic,37.3,21.2,5.3,2.5,1.1,0.2,0.484,0.416,0.876,9.9,0.001
Tim Duncan,39.3,23.3,12.9,3.9,0.7,2.9,0.513,0.273,0.71,16.5,0.808
Kevin Garnett,40.5,23,13.4,6,1.4,1.6,0.502,0.282,0.751,15.6,0.732
Kobe Bryant,41.5,30,6.9,5.9,2.2,0.8,0.451,0.383,0.843,14.9,0.417
Tracy McGrady,39.4,32.1,6.5,5.5,1.7,0.8,0.457,0.386,0.793,16.1,0.359
Shaquille O'Neal,37.8,27.5,11.1,3.1,0.6,2.4,0.574,0,0.622,13.2,0.106
Allen Iverson,42.5,27.6,4.2,5.5,2.7,0.2,0.414,0.277,0.774,9.2,0.07
Dirk Nowitzki,39,25.1,9.9,3,1.4,1,0.463,0.379,0.881,16.1,0.036
Ben Wallace,39.4,6.9,15.4,1.6,1.4,3.2,0.481,0.167,0.45,10.6,0.028
Jason Kidd,37.4,18.7,6.3,8.9,2.2,0.3,0.414,0.341,0.841,11.3,0.026
Chris Webber,39.1,23,10.5,5.4,1.6,1.3,0.461,0.238,0.607,6.9,0.016
Jamal Mashburn,40.5,21.6,6.1,5.6,1,0.2,0.422,0.389,0.848,9,0.001
Steve Nash,33.1,17.7,2.9,7.3,1,0.1,0.465,0.413,0.909,11.6,0.001
Paul Pierce,39.2,25.9,7.3,4.4,1.8,0.8,0.416,0.302,0.802,10.1,0.001
Kevin Garnett,39.4,24.2,13.9,5,1.5,2.2,0.499,0.256,0.791,18.3,0.991
Tim Duncan,36.6,22.3,12.4,3.1,0.9,2.7,0.501,0.167,0.599,13.1,0.582
Jermaine O'Neal,35.7,20.1,10,2.1,0.8,2.6,0.434,0.111,0.757,9,0.425
Peja Stojakovic,40.3,24.2,6.3,2.1,1.3,0.2,0.48,0.433,0.927,13.5,0.228
Kobe Bryant,37.6,24,5.5,5.1,1.7,0.4,0.438,0.327,0.852,10.7,0.172
Shaquille O'Neal,36.8,21.5,11.5,2.9,0.5,2.5,0.584,0,0.49,9.9,0.145
Ben Wallace,37.7,9.5,12.4,1.7,1.8,3,0.421,0.125,0.49,10.2,0.02
Jason Kidd,36.6,15.5,6.4,9.2,1.8,0.2,0.384,0.321,0.827,7.2,0.014
LeBron James,39.5,20.9,5.5,5.9,1.6,0.7,0.417,0.29,0.754,5.1,0.009
Sam Cassell,35,19.8,3.3,7.3,1.3,0.2,0.488,0.398,0.873,12.1,0.003
Baron Davis,40.1,22.9,4.3,7.5,2.4,0.4,0.395,0.321,0.673,7.5,0.003
Dirk Nowitzki,37.9,21.8,8.7,2.7,1.2,1.4,0.462,0.341,0.877,11.5,0.003
Andrei Kirilenko,37.1,16.5,8.1,3.1,1.9,2.8,0.443,0.338,0.79,11.6,0.002
Carmelo Anthony,36.5,21,6.1,2.8,1.2,0.5,0.426,0.322,0.777,6.1,0.001
Yao Ming,32.8,17.5,9,1.5,0.3,1.9,0.522,0,0.809,11.4,0.001
Michael Redd,36.8,21.7,5,2.3,1,0.1,0.44,0.35,0.868,9.7,0.001
Steve Nash,34.3,15.5,3.3,11.5,1,0.1,0.502,0.431,0.887,10.9,0.839
Shaquille O'Neal,34.1,22.9,10.4,2.7,0.5,2.3,0.601,0,0.461,11,0.813
Dirk Nowitzki,38.7,26.1,9.7,3.1,1.2,1.5,0.459,0.399,0.869,15.6,0.275
Tim Duncan,33.4,20.3,11.1,2.7,0.7,2.6,0.496,0.333,0.67,11.2,0.258
Allen Iverson,42.3,30.7,4,7.9,2.4,0.1,0.424,0.308,0.835,9,0.189
LeBron James,42.4,27.2,7.4,7.2,2.2,0.7,0.472,0.351,0.75,14.3,0.073
Tracy McGrady,40.8,25.7,6.2,5.7,1.7,0.7,0.431,0.326,0.774,12,0.035
Dwyane Wade,38.6,24.1,5.2,6.8,1.6,1.1,0.478,0.289,0.762,11,0.034
Amar'e Stoudemire,36.1,26,8.9,1.6,1,1.6,0.559,0.188,0.733,14.6,0.032
Ray Allen,39.3,23.9,4.4,3.7,1.1,0.1,0.428,0.376,0.883,10.7,0.032
Kevin Garnett,38.1,22.2,13.5,5.7,1.5,1.4,0.502,0.24,0.811,16.1,0.012
Gilbert Arenas,40.9,25.5,4.7,5.1,1.7,0.3,0.431,0.365,0.814,11.5,0.003
Vince Carter,36.7,24.5,5.2,4.2,1.4,0.6,0.452,0.406,0.798,9.4,0.002
P.J. Brown,34.4,10.8,9,2.2,0.9,0.6,0.446,0,0.864,6.9,0.001
Marcus Camby,30.5,10.3,10,2.3,0.9,3,0.465,0,0.723,5.8,0.001
Shawn Marion,38.8,19.4,11.3,1.9,2,1.5,0.476,0.334,0.833,12.5,0.001
Steve Nash,35.4,18.8,4.2,10.5,0.8,0.2,0.512,0.439,0.921,12.4,0.739
LeBron James,42.5,31.4,7,6.6,1.6,0.8,0.48,0.335,0.738,16.3,0.55
Dirk Nowitzki,38.1,26.6,9,2.8,0.7,1,0.48,0.406,0.901,17.7,0.435
Kobe Bryant,41,35.4,5.3,4.5,1.8,0.4,0.45,0.347,0.85,15.3,0.386
Chauncey Billups,36.1,18.5,3.1,8.6,0.9,0.1,0.418,0.433,0.894,15.5,0.344
Dwyane Wade,38.6,27.2,5.7,6.7,1.9,0.8,0.495,0.171,0.783,14.4,0.07
Elton Brand,39.2,24.7,10,2.6,1,2.5,0.527,0.333,0.775,14.8,0.04
Tim Duncan,34.8,18.6,11,3.2,0.9,2,0.484,0.4,0.629,10.8,0.026
Tony Parker,33.9,18.9,3.3,5.8,1,0.1,0.548,0.306,0.707,9.6,0.007
Allen Iverson,43.1,33,3.2,7.4,1.9,0.1,0.447,0.323,0.814,10.6,0.001
Shawn Marion,40.3,21.8,11.8,1.8,2,1.7,0.525,0.331,0.809,14.6,0.001
Dirk Nowitzki,36.2,24.6,8.9,3.4,0.7,0.8,0.502,0.416,0.904,16.3,0.882
Steve Nash,35.3,18.6,3.5,11.6,0.8,0.1,0.532,0.455,0.899,12.6,0.785
Kobe Bryant,40.8,31.6,5.7,5.4,1.4,0.5,0.463,0.344,0.868,13,0.404
Tim Duncan,34.1,20,10.6,3.4,0.8,2.4,0.546,0.111,0.637,13,0.222
LeBron James,40.9,27.3,6.7,6,1.6,0.7,0.476,0.319,0.698,13.7,0.142
Tracy McGrady,35.8,24.6,5.3,6.5,1.3,0.5,0.431,0.331,0.707,8.6,0.085
Chris Bosh,38.5,22.6,10.7,2.5,0.6,1.3,0.496,0.343,0.785,9.6,0.033
Gilbert Arenas,39.8,28.4,4.6,6,1.9,0.2,0.418,0.351,0.844,10.8,0.024
Carlos Boozer,34.6,20.9,11.7,3,0.9,0.3,0.561,0,0.685,9.9,0.005
Kevin Garnett,39.4,22.4,12.8,4.1,1.2,1.7,0.476,0.214,0.835,10.7,0.005
Chauncey Billups,36.2,17,3.4,7.2,1.2,0.2,0.427,0.345,0.883,11.4,0.003
Shaquille O'Neal,28.4,17.3,7.4,2,0.2,1.4,0.591,0,0.422,2.8,0.002
Dwyane Wade,37.9,27.4,4.7,7.5,2.1,1.2,0.491,0.266,0.807,8.8,0.002
Amar'e Stoudemire,32.8,20.4,9.6,1,1,1.3,0.575,0,0.781,11.2,0.002
Carmelo Anthony,38.2,28.9,6,3.8,1.2,0.4,0.476,0.268,0.808,7.3,0.001
Baron Davis,35.3,20.1,4.4,8.1,2.1,0.5,0.439,0.304,0.745,6.4,0.001
Tony Parker,32.5,18.6,3.2,5.5,1.1,0.1,0.52,0.395,0.783,9.6,0.001
Kobe Bryant,38.9,28.3,6.3,5.4,1.8,0.5,0.459,0.361,0.84,13.8,0.873
Chris Paul,37.6,21.1,4,11.6,2.7,0.1,0.488,0.369,0.851,17.8,0.71
Kevin Garnett,32.8,18.8,9.2,3.4,1.4,1.3,0.539,0,0.801,12.9,0.532
LeBron James,40.4,30,7.9,7.2,1.8,1.1,0.484,0.315,0.712,15.2,0.348
Dwight Howard,37.7,20.7,14.2,1.3,0.9,2.1,0.599,0,0.59,12.9,0.048
Amar'e Stoudemire,33.9,25.2,9.1,1.5,0.8,2.1,0.59,0.161,0.805,14.6,0.021
Tim Duncan,34,19.3,11.3,2.8,0.7,1.9,0.497,0,0.73,11.1,0.02
Tracy McGrady,37,21.6,5.1,5.9,1,0.5,0.419,0.292,0.684,5.8,0.015
Steve Nash,34.3,16.9,3.5,11.1,0.7,0.1,0.504,0.47,0.906,10.5,0.014
Manu Ginobili,31.1,19.5,4.8,4.5,1.5,0.4,0.46,0.401,0.86,11.1,0.007
Dirk Nowitzki,36,23.6,8.6,3.5,0.7,0.9,0.479,0.359,0.879,12.9,0.004
Deron Williams,37.3,18.8,3,10.5,1.1,0.3,0.507,0.395,0.803,11.3,0.003
Carmelo Anthony,36.4,25.7,7.4,3.4,1.3,0.5,0.492,0.354,0.786,8.2,0.002
Carlos Boozer,34.9,21.1,10.4,2.9,1.2,0.5,0.547,0,0.738,10.2,0.001
Antawn Jamison,38.7,21.4,10.2,1.5,1.3,0.4,0.436,0.339,0.76,9.2,0.001
Paul Pierce,35.9,19.6,5.1,4.5,1.3,0.5,0.464,0.392,0.843,12.4,0.001
Rasheed Wallace,30.5,12.7,6.6,1.8,1.2,1.7,0.432,0.356,0.767,7.6,0.001
LeBron James,37.7,28.4,7.6,7.2,1.7,1.1,0.489,0.344,0.78,20.3,0.969
Kobe Bryant,36.1,26.8,5.2,4.9,1.5,0.5,0.467,0.351,0.856,12.7,0.577
Dwyane Wade,38.6,30.2,5,7.5,2.2,1.3,0.491,0.317,0.765,14.7,0.562
Dwight Howard,35.7,20.6,13.8,1.4,1,2.9,0.572,0,0.594,13.8,0.271
Chris Paul,38.5,22.8,5.5,11,2.8,0.1,0.503,0.364,0.868,18.3,0.159
Chauncey Billups,35.3,17.7,3,6.4,1.2,0.2,0.418,0.408,0.913,10.1,0.027
Paul Pierce,37.5,20.5,5.6,3.6,1,0.3,0.457,0.391,0.83,10.3,0.017
Tony Parker,34.1,22,3.1,6.9,0.9,0.1,0.506,0.292,0.782,8.6,0.007
Brandon Roy,37.2,22.6,4.7,5.1,1.1,0.3,0.48,0.377,0.824,13.5,0.006
Dirk Nowitzki,37.7,25.9,8.4,2.4,0.8,0.8,0.479,0.359,0.89,10.9,0.002
Tim Duncan,33.7,19.3,10.7,3.5,0.5,1.7,0.504,0,0.692,10.1,0.002
Yao Ming,33.6,19.7,9.9,1.8,0.4,1.9,0.548,1,0.866,10.6,0.001
LeBron James,39,29.7,7.3,8.6,1.6,1,0.503,0.333,0.767,18.5,0.98
Kevin Durant,39.5,30.1,7.6,2.8,1.4,1,0.476,0.365,0.9,16.1,0.495
Kobe Bryant,38.8,27,5.4,5,1.5,0.3,0.456,0.329,0.811,9.4,0.487
Dwight Howard,34.7,18.3,13.2,1.8,0.9,2.8,0.612,0,0.592,13.2,0.389
Dwyane Wade,36.3,26.6,4.8,6.5,1.8,1.1,0.476,0.3,0.761,13,0.097
Carmelo Anthony,38.2,28.2,6.6,3.2,1.3,0.4,0.458,0.316,0.83,7.9,0.053
Dirk Nowitzki,37.5,25,7.7,2.7,0.9,1,0.481,0.421,0.915,12.3,0.045
Steve Nash,32.8,16.5,3.3,11,0.5,0.1,0.507,0.426,0.938,9.9,0.04
Deron Williams,36.9,18.7,4,10.5,1.3,0.2,0.469,0.371,0.801,10.3,0.006
Amar'e Stoudemire,34.6,23.1,8.9,1,0.6,1,0.557,0.167,0.771,10.7,0.004
Manu Ginobili,28.7,16.5,3.8,4.9,1.4,0.3,0.441,0.377,0.87,9.7,0.002
Chauncey Billups,34.1,19.5,3.1,5.6,1.1,0.1,0.418,0.386,0.91,9.5,0.001
Chris Bosh,36.1,24,10.8,2.4,0.6,1,0.518,0.364,0.797,9.6,0.001
Stephen Jackson,38.6,20.6,5,3.7,1.6,0.5,0.423,0.328,0.779,5,0.001
Joe Johnson,38,21.3,4.6,4.9,1.1,0.1,0.458,0.369,0.818,8.4,0.001
Derrick Rose,37.4,25,4.1,7.7,1,0.6,0.445,0.332,0.858,13.1,0.977
Dwight Howard,37.6,22.9,14.1,1.4,1.4,2.4,0.593,0,0.596,14.4,0.531
LeBron James,38.8,26.7,7.5,7,1.6,0.6,0.51,0.33,0.759,15.6,0.431
Kobe Bryant,33.9,25.3,5.1,4.7,1.2,0.1,0.451,0.323,0.828,10.3,0.354
Kevin Durant,38.9,27.7,6.8,2.7,1.1,1,0.462,0.35,0.88,12,0.157
Dirk Nowitzki,34.3,23,7,2.6,0.5,0.6,0.517,0.393,0.892,11.1,0.093
Dwyane Wade,37.1,25.5,6.4,4.6,1.5,1.1,0.5,0.306,0.758,12.8,0.02
Manu Ginobili,30.3,17.4,3.7,4.9,1.5,0.4,0.433,0.349,0.871,9.9,0.017
Amar'e Stoudemire,36.8,25.3,8.2,2.6,0.9,1.9,0.502,0.435,0.792,8,0.007
Blake Griffin,38,22.5,12.1,3.8,0.8,0.5,0.506,0.292,0.642,9.8,0.004
Rajon Rondo,37.2,10.6,4.4,11.2,2.3,0.2,0.475,0.233,0.568,6.6,0.004
Tony Parker,32.4,17.5,3.1,6.6,1.2,0,0.519,0.357,0.769,8.2,0.002
Chris Paul,36,15.9,4.1,9.8,2.4,0.1,0.463,0.388,0.878,13.9,0.002
LeBron James,37.5,27.1,7.9,6.2,1.9,0.8,0.531,0.362,0.771,14.5,0.888
Kevin Durant,38.6,28,8,3.5,1.3,1.2,0.496,0.387,0.86,12.2,0.735
Chris Paul,36.4,19.8,3.6,9.1,2.5,0.1,0.478,0.371,0.861,12.7,0.318
Kobe Bryant,38.5,27.9,5.4,4.6,1.2,0.3,0.43,0.303,0.845,6.2,0.291
Tony Parker,32.1,18.3,2.9,7.7,1,0.1,0.48,0.23,0.799,7.1,0.274
Kevin Love,39,26,13.3,2,0.9,0.5,0.448,0.372,0.824,10,0.048
Dwight Howard,38.3,20.6,14.5,1.9,1.5,2.1,0.573,0,0.491,7.7,0.011
Rajon Rondo,36.9,11.9,4.8,11.7,1.8,0.1,0.448,0.238,0.597,4.9,0.01
Steve Nash,31.6,12.5,3,10.7,0.6,0.1,0.532,0.39,0.894,5.9,0.006
Dwyane Wade,33.2,22.1,4.8,4.6,1.7,1.3,0.497,0.268,0.791,7.7,0.005
Derrick Rose,35.3,21.8,3.4,7.9,0.9,0.7,0.435,0.312,0.812,6,0.004
Dirk Nowitzki,33.5,21.6,6.7,2.2,0.7,0.5,0.457,0.368,0.896,7.6,0.003
Russell Westbrook,35.3,23.6,4.6,5.5,1.7,0.3,0.457,0.316,0.823,7.9,0.003
Tim Duncan,28.2,15.4,9,2.3,0.7,1.5,0.492,0,0.695,5.9,0.002
Joe Johnson,35.5,18.8,3.7,3.9,0.8,0.2,0.454,0.388,0.849,6.4,0.001
LeBron James,37.9,26.8,8,7.3,1.7,0.9,0.565,0.406,0.753,19.3,0.998
Kevin Durant,38.5,28.1,7.9,4.6,1.4,1.3,0.51,0.416,0.905,18.9,0.632
Carmelo Anthony,37,28.7,6.9,2.6,0.8,0.5,0.449,0.379,0.83,9.5,0.393
Chris Paul,33.4,16.9,3.7,9.7,2.4,0.1,0.481,0.328,0.885,13.9,0.239
Kobe Bryant,38.6,27.3,5.6,6,1.4,0.3,0.463,0.324,0.839,10.9,0.152
Tony Parker,32.9,20.3,3,7.6,0.8,0.1,0.522,0.353,0.845,9.3,0.071
Tim Duncan,30.1,17.8,9.9,2.7,0.7,2.7,0.502,0.286,0.817,8.3,0.054
James Harden,38.3,25.9,4.9,5.8,1.8,0.5,0.438,0.368,0.851,12.8,0.027
Russell Westbrook,34.9,23.2,5.2,7.4,1.8,0.3,0.438,0.323,0.8,11.6,0.007
Dwyane Wade,34.7,21.2,5,5.1,1.9,0.8,0.521,0.258,0.725,9.6,0.004
Stephen Curry,38.2,22.9,4,6.9,1.6,0.2,0.451,0.453,0.9,11.2,0.002
Kevin Garnett,29.7,14.8,7.8,2.3,1.1,0.9,0.496,0.125,0.786,5.6,0.001
Marc Gasol,35,14.1,7.8,4,1,1.7,0.494,0.071,0.848,11.5,0.001
Ty Lawson,34.4,16.7,2.7,6.9,1.5,0.1,0.461,0.366,0.756,7.4,0.001
David Lee,36.8,18.5,11.2,3.5,0.8,0.3,0.519,0,0.797,9.1,0.001
Joakim Noah,36.8,11.9,11.1,4,1.2,2.1,0.481,0,0.751,7.3,0.001
Kevin Durant,38.5,32,7.4,5.5,1.3,0.7,0.503,0.391,0.873,19.2,0.986
LeBron James,37.7,27.1,6.9,6.3,1.6,0.3,0.567,0.379,0.75,15.9,0.713
Blake Griffin,35.8,24.1,9.5,3.9,1.2,0.6,0.528,0.273,0.715,12.2,0.347
Joakim Noah,35.3,12.6,11.3,5.4,1.2,1.5,0.475,0,0.737,11.2,0.258
James Harden,38,25.4,4.7,6.1,1.6,0.4,0.456,0.366,0.866,12.8,0.068
Stephen Curry,36.5,24,4.3,8.5,1.6,0.2,0.471,0.424,0.885,13.4,0.053
Chris Paul,35,19.1,4.3,10.7,2.5,0.1,0.467,0.368,0.855,12.2,0.036
Al Jefferson,35,21.8,10.8,2.1,0.9,1.1,0.509,0.2,0.69,7.8,0.027
Paul George,36.2,21.7,6.8,3.5,1.9,0.3,0.424,0.364,0.864,10.8,0.026
LaMarcus Aldridge,36.2,23.2,11.1,2.6,0.9,1,0.458,0.2,0.822,7.5,0.021
Kevin Love,36.3,26.1,12.5,4.4,0.8,0.5,0.457,0.376,0.821,14.3,0.02
Tim Duncan,29.2,15.1,9.7,3,0.6,1.9,0.49,0,0.731,7.4,0.017
Tony Parker,29.4,16.7,2.3,5.7,0.5,0.1,0.499,0.373,0.811,5.9,0.017
Dirk Nowitzki,32.9,21.7,6.2,2.7,0.9,0.6,0.497,0.398,0.899,10.9,0.006
Carmelo Anthony,38.7,27.4,8.1,3.1,1.2,0.7,0.452,0.402,0.848,10.7,0.003
Goran Dragic,35.1,20.3,3.2,5.9,1.4,0.3,0.505,0.408,0.76,10.3,0.002
Mike Conley,33.5,17.2,2.9,6,1.5,0.2,0.45,0.361,0.815,8.2,0.001
Stephen Curry,32.7,23.8,4.3,7.7,2,0.2,0.487,0.443,0.914,15.7,0.922
James Harden,36.8,27.4,5.7,7,1.9,0.7,0.44,0.375,0.868,16.4,0.72
LeBron James,36.1,25.3,6,7.4,1.6,0.7,0.488,0.354,0.71,10.4,0.425
Russell Westbrook,34.4,28.1,7.3,8.6,2.1,0.2,0.426,0.299,0.835,10.6,0.271
Anthony Davis,36.1,24.4,10.2,2.2,1.5,2.9,0.535,0.083,0.805,14,0.156
Chris Paul,34.8,19.1,4.6,10.2,1.9,0.2,0.485,0.398,0.9,16.1,0.095
LaMarcus Aldridge,35.4,23.4,10.2,1.7,0.7,1,0.466,0.352,0.845,8.6,0.005
Marc Gasol,33.2,17.4,7.8,3.8,0.9,1.6,0.494,0.176,0.795,10.2,0.002
Blake Griffin,35.2,21.9,7.6,5.3,0.9,0.5,0.502,0.4,0.728,9,0.002
Tim Duncan,28.9,13.9,9.1,3,0.8,2,0.512,0.286,0.74,9.6,0.001
Kawhi Leonard,31.8,16.5,7.2,2.5,2.3,0.8,0.479,0.349,0.802,8.6,0.001
Klay Thompson,31.9,21.7,3.2,2.9,1.1,0.8,0.463,0.439,0.879,8.8,0.001
Stephen Curry,34.2,30.1,5.4,6.7,2.1,0.2,0.504,0.454,0.908,17.9,1
Kawhi Leonard,33.1,21.2,6.8,2.6,1.8,1,0.506,0.443,0.874,13.7,0.484
LeBron James,35.6,25.3,7.4,6.8,1.4,0.6,0.52,0.309,0.731,13.6,0.482
Russell Westbrook,34.4,23.5,7.8,10.4,2,0.3,0.454,0.296,0.812,14,0.371
Kevin Durant,35.8,28.2,8.2,5,1,1.2,0.505,0.387,0.898,14.5,0.112
Chris Paul,32.7,19.5,4.2,10,2.1,0.2,0.462,0.371,0.896,12.7,0.082
Draymond Green,34.7,14,9.5,7.4,1.5,1.4,0.49,0.388,0.696,11.1,0.038
Damian Lillard,35.7,25.1,4,6.8,0.9,0.4,0.419,0.375,0.892,9.2,0.02
James Harden,38.1,29,6.1,7.5,1.7,0.6,0.439,0.359,0.86,13.3,0.007
Kyle Lowry,37,21.2,4.7,6.4,2.1,0.4,0.427,0.388,0.811,11.6,0.005
Russell Westbrook,34.6,31.6,10.7,10.4,1.6,0.4,0.425,0.343,0.845,13.1,0.879
James Harden,36.4,29.1,8.1,11.2,1.5,0.5,0.44,0.347,0.847,15,0.746
Kawhi Leonard,33.4,25.5,5.8,3.5,1.8,0.7,0.485,0.38,0.88,13.6,0.495
LeBron James,37.8,26.4,8.6,8.7,1.2,0.6,0.548,0.363,0.674,12.9,0.33
Isaiah Thomas,33.8,28.9,2.7,5.9,0.9,0.2,0.463,0.379,0.909,12.5,0.08
Stephen Curry,33.4,25.3,4.5,6.6,1.8,0.2,0.468,0.411,0.898,12.6,0.051
Giannis Antetokounmpo,35.6,22.9,8.8,5.4,1.6,1.9,0.521,0.272,0.77,12.4,0.007
John Wall,36.4,23.1,4.2,10.7,2,0.6,0.451,0.327,0.801,8.8,0.007
Anthony Davis,36.1,28,11.8,2.1,1.3,2.2,0.505,0.299,0.802,11,0.002
Kevin Durant,33.4,25.1,8.3,4.8,1.1,1.6,0.537,0.375,0.875,12,0.002
DeMar DeRozan,35.4,27.3,5.2,3.9,1.1,0.2,0.467,0.266,0.842,9,0.001
James Harden,35.4,30.4,5.4,8.8,1.8,0.7,0.449,0.367,0.858,15.4,0.955
LeBron James,36.9,27.5,8.6,9.1,1.4,0.9,0.542,0.367,0.731,14,0.731
Anthony Davis,36.4,28.1,11.1,2.3,1.5,2.6,0.534,0.34,0.828,13.7,0.441
Damian Lillard,36.6,26.9,4.5,6.6,1.1,0.4,0.439,0.361,0.916,12.6,0.205
Russell Westbrook,36.4,25.4,10.1,10.3,1.8,0.3,0.449,0.298,0.737,10.1,0.075
Giannis Antetokounmpo,36.7,26.9,10,4.8,1.5,1.4,0.529,0.307,0.76,11.9,0.074
Kevin Durant,34.2,26.4,6.8,5.4,0.7,1.8,0.516,0.419,0.889,10.4,0.065
DeMar DeRozan,33.9,23,3.9,5.2,1.1,0.3,0.456,0.31,0.825,9.6,0.032
LaMarcus Aldridge,33.5,23.1,8.5,2,0.6,1.2,0.51,0.293,0.837,10.9,0.006
Jimmy Butler,36.7,22.2,5.3,4.9,2,0.4,0.474,0.35,0.854,8.9,0.005
Stephen Curry,32,26.4,5.1,6.1,1.6,0.2,0.495,0.423,0.921,9.1,0.005
Joel Embiid,30.3,22.9,11,3.2,0.6,1.8,0.483,0.308,0.769,6.2,0.004
Victor Oladipo,34,23.1,5.2,4.3,2.4,0.8,0.477,0.371,0.799,8.2,0.002
Paul George,36.9,28,8.2,4.1,2.2,0.4,0.438,0.386,0.839,11.9,0.352
Nikola JokiÄ‡,31.3,20.1,10.8,7.3,1.4,0.7,0.511,0.307,0.821,11.8,0.21
Stephen Curry,33.8,27.3,5.3,5.2,1.3,0.4,0.472,0.437,0.916,9.7,0.173
Damian Lillard,35.5,25.8,4.6,6.9,1.1,0.4,0.444,0.369,0.912,12.1,0.068
Joel Embiid,33.7,27.5,13.6,3.7,0.7,1.9,0.484,0.3,0.804,8.7,0.049
Kevin Durant,34.6,26,6.4,5.9,0.7,1.1,0.521,0.353,0.885,11.5,0.025
Kawhi Leonard,34,26.6,7.3,3.3,1.8,0.4,0.496,0.371,0.854,9.5,0.013
Russell Westbrook,36,22.9,11.1,10.7,1.9,0.5,0.428,0.29,0.656,6.8,0.008
Rudy Gobert,31.8,15.9,12.9,2,0.8,2.3,0.669,0,0.636,14.4,0.001
LeBron James,35.2,27.4,8.5,8.3,1.3,0.6,0.51,0.339,0.665,7.2,0.001